{
  "campaign": "rfc075_metal_m4_baseline_2026_05_22",
  "host": "mini (Apple M4)",
  "platform": "darwin-arm64",
  "gpu": "Apple M4 (registry_id=4294968657)",
  "max_threads_per_threadgroup": "1024x1024x1024",
  "max_threadgroup_memory_length": 32768,
  "date_utc": "2026-05-21T16:52:08Z",
  "toolchain": "xcrun --sdk macosx metal / swiftc -O",
  "kernel": "vec_add (FP32 element-wise add)",
  "warmup": 20,
  "timed": 200,
  "pipe_max_threads_per_threadgroup": 1024,
  "pipe_thread_execution_width": 32,
  "rows": [
    {
      "N": 65536,
      "median_ms": 0.007124999683583155,
      "gb_per_s": 110.37642595438042,
      "gflops": 9.198035496198369,
      "max_abs_diff": 0.0,
      "m3_gb_per_s": 3.6069,
      "m4_over_m3_ratio": 30.60146551176368,
      "pass": true
    },
    {
      "N": 262144,
      "median_ms": 0.02054166907328181,
      "gb_per_s": 153.13887049673065,
      "gflops": 12.761572541394221,
      "max_abs_diff": 0.0,
      "m3_gb_per_s": 13.2671,
      "m4_over_m3_ratio": 11.542753917339182,
      "pass": true
    },
    {
      "N": 1048576,
      "median_ms": 0.12375000005704351,
      "gb_per_s": 101.68009692282675,
      "gflops": 8.473341410235562,
      "max_abs_diff": 0.0,
      "m3_gb_per_s": 34.2816,
      "m4_over_m3_ratio": 2.966025416632443,
      "pass": true
    },
    {
      "N": 4194304,
      "median_ms": 0.5027916668041144,
      "gb_per_s": 100.10437985164343,
      "gflops": 8.342031654303618,
      "max_abs_diff": 0.0,
      "m3_gb_per_s": 34.9051,
      "m4_over_m3_ratio": 2.8679012480022528,
      "pass": true
    }
  ],
  "peak_gb_per_s": 153.13887049673065,
  "peak_at_N": 262144,
  "m3_peak_gb_per_s_1op": 34.9051,
  "m3_peak_gb_per_s_anyop": 52.37,
  "m4_over_m3_ratio_1op_peak": 4.3872921291367355,
  "falsifier_F_RFC075_METAL_M4_BASELINE": "PASS",
  "honest_scope": [
    "FP32 vec-add minimum element-wise kernel (3*N*4 bytes moved, 1 flop/element — bandwidth-bound).",
    "M3 anchor from rfc075_metal_roofline_2026_05_21 (vec_add_1op kernel; 5 warmup + 50 timed).",
    "M4 fire uses 20 warmup + 200 timed for tighter variance estimate.",
    "max|d|=0 byte-eq gate validates kernel correctness on M4 chip; CPU ref = aHost[i]+bHost[i] in IEEE-754 FP32.",
    "Apple M4 10-core GPU spec ≈ 4.6 TFLOPS FP32 / 120 GB/s LPDDR5X-7500 (16GB unified memory variant).",
    "Apple M3 8-core GPU spec ≈ 3.5 TFLOPS FP32 / 100 GB/s LPDDR5-6400 (typ. 16GB unified).",
    "Expected M4/M3 vec-add bandwidth ratio ~1.2x (LPDDR5 6400 -> LPDDR5X 7500); reality depends on driver and Metal compiler."
  ]
}
