{
  "campaign": "rfc075_metal_simdgroup_matmul_fp16_2026_05_21",
  "host": "Mac (local)",
  "platform": "darwin-arm64",
  "gpu": "Apple M3 (registry_id=4294968442)",
  "max_threads_per_threadgroup": "1024x1024x1024",
  "max_threadgroup_memory_length": 32768,
  "date_utc": "2026-05-21T07:02:59Z",
  "toolchain": "xcrun --sdk macosx metal / swiftc (-O)",
  "intrinsic": "simdgroup_matrix<half, 8, 8> + simdgroup_multiply_accumulate (MSL §6.7, pure FP16 accum)",
  "header": "<metal_simdgroup_matrix> (gated by __HAVE_SIMDGROUP_MATRIX__, supported on Apple M-series)",
  "fp32_baseline_commit": "31d729a4",
  "warmup": 5,
  "timed": 50,
  "tolerance_rel": 1e-2,
  "tolerance_rationale": "FP16 mantissa ~3-4 decimal digits; K-loop accumulator loses ~O(K) ULP. 1e-2 is the realistic FP16 matmul threshold; diagnostic max_rel_err_fp16ref reports vs an FP16-accumulator CPU reference for tighter sanity.",
  "rows": [
    {
      "kernel": "simdgroup_matmul_8x8_fp16",
      "M": 128, "N": 128, "K": 128,
      "median_ms": 0.04512500163400546,
      "gflops": 92.94856173122533,
      "fp32_baseline_gflops": 92.01,
      "ratio_vs_fp32": 1.0102006491818858,
      "max_abs_diff": 0.059607506,
      "max_rel_err_vs_fp32_ref": 0.0037286333,
      "max_rel_err_vs_fp16accum_ref": 0.001953125,
      "pass": true
    },
    {
      "kernel": "simdgroup_matmul_16x16_fp16",
      "M": 128, "N": 128, "K": 128,
      "median_ms": 0.0468333309981972,
      "gflops": 89.55809699210708,
      "fp32_baseline_gflops": 88.46,
      "ratio_vs_fp32": 1.0124134862322756,
      "max_abs_diff": 0.059607506,
      "max_rel_err_vs_fp32_ref": 0.0037286333,
      "max_rel_err_vs_fp16accum_ref": 0.001953125,
      "pass": true
    },
    {
      "kernel": "simdgroup_matmul_32x32_tg_fp16",
      "M": 128, "N": 128, "K": 128,
      "median_ms": 0.03979166649514809,
      "gflops": 105.40659312450317,
      "fp32_baseline_gflops": 100.87,
      "ratio_vs_fp32": 1.0449746517745928,
      "max_abs_diff": 0.059607506,
      "max_rel_err_vs_fp32_ref": 0.0037286333,
      "max_rel_err_vs_fp16accum_ref": 0.001953125,
      "pass": true
    },
    {
      "kernel": "simdgroup_matmul_8x8_fp16",
      "M": 256, "N": 256, "K": 256,
      "median_ms": 0.2827499993145466,
      "gflops": 118.671731499006,
      "fp32_baseline_gflops": 116.66,
      "ratio_vs_fp32": 1.017244398242808,
      "max_abs_diff": 0.09717941,
      "max_rel_err_vs_fp32_ref": 0.0043422543,
      "max_rel_err_vs_fp16accum_ref": 0.0020979021,
      "pass": true
    },
    {
      "kernel": "simdgroup_matmul_16x16_fp16",
      "M": 256, "N": 256, "K": 256,
      "median_ms": 0.280583328276407,
      "gflops": 119.58811739144033,
      "fp32_baseline_gflops": 280.01,
      "ratio_vs_fp32": 0.42708516621349357,
      "max_abs_diff": 0.09717941,
      "max_rel_err_vs_fp32_ref": 0.0043422543,
      "max_rel_err_vs_fp16accum_ref": 0.0020979021,
      "pass": true
    },
    {
      "kernel": "simdgroup_matmul_32x32_tg_fp16",
      "M": 256, "N": 256, "K": 256,
      "median_ms": 0.17125000158557668,
      "gflops": 195.93828723693326,
      "fp32_baseline_gflops": 439.34,
      "ratio_vs_fp32": 0.4459832640709548,
      "max_abs_diff": 0.09717941,
      "max_rel_err_vs_fp32_ref": 0.0043422543,
      "max_rel_err_vs_fp16accum_ref": 0.0020979021,
      "pass": true
    },
    {
      "kernel": "simdgroup_matmul_8x8_fp16",
      "M": 512, "N": 512, "K": 512,
      "median_ms": 0.8884999988367781,
      "gflops": 302.12206679958916,
      "fp32_baseline_gflops": 228.12,
      "ratio_vs_fp32": 1.3243997317183462,
      "max_abs_diff": 0.2996292,
      "max_rel_err_vs_fp32_ref": 0.00859989,
      "max_rel_err_vs_fp16accum_ref": 0.002690583,
      "pass": true
    },
    {
      "kernel": "simdgroup_matmul_16x16_fp16",
      "M": 512, "N": 512, "K": 512,
      "median_ms": 0.897999998414889,
      "gflops": 298.9258980777625,
      "fp32_baseline_gflops": 376.75,
      "ratio_vs_fp32": 0.7934330406841739,
      "max_abs_diff": 0.2996292,
      "max_rel_err_vs_fp32_ref": 0.00859989,
      "max_rel_err_vs_fp16accum_ref": 0.002690583,
      "pass": true
    },
    {
      "kernel": "simdgroup_matmul_32x32_tg_fp16",
      "M": 512, "N": 512, "K": 512,
      "median_ms": 0.4620000036084093,
      "gflops": 581.02912100305,
      "fp32_baseline_gflops": 638.37,
      "ratio_vs_fp32": 0.9101761063380955,
      "max_abs_diff": 0.2996292,
      "max_rel_err_vs_fp32_ref": 0.00859989,
      "max_rel_err_vs_fp16accum_ref": 0.002690583,
      "pass": true
    },
    {
      "kernel": "simdgroup_matmul_8x8_fp16",
      "M": 768, "N": 768, "K": 768,
      "median_ms": 1.8619166658027098,
      "gflops": 486.57906158728014,
      "fp32_baseline_gflops": 291.33,
      "ratio_vs_fp32": 1.670198955093125,
      "max_abs_diff": 0.43497276,
      "max_rel_err_vs_fp32_ref": 0.010356007,
      "max_rel_err_vs_fp16accum_ref": 0.0033482143,
      "pass": false
    },
    {
      "kernel": "simdgroup_matmul_16x16_fp16",
      "M": 768, "N": 768, "K": 768,
      "median_ms": 3.0109583312878385,
      "gflops": 300.8908009738219,
      "fp32_baseline_gflops": 266.02,
      "ratio_vs_fp32": 1.1310833808503944,
      "max_abs_diff": 0.43497276,
      "max_rel_err_vs_fp32_ref": 0.010356007,
      "max_rel_err_vs_fp16accum_ref": 0.0033482143,
      "pass": false
    },
    {
      "kernel": "simdgroup_matmul_32x32_tg_fp16",
      "M": 768, "N": 768, "K": 768,
      "median_ms": 2.686333333258517,
      "gflops": 337.2513949715468,
      "fp32_baseline_gflops": 911.55,
      "ratio_vs_fp32": 0.3699757500647763,
      "max_abs_diff": 0.43497276,
      "max_rel_err_vs_fp32_ref": 0.010356007,
      "max_rel_err_vs_fp16accum_ref": 0.0033482143,
      "pass": false
    },
    {
      "kernel": "simdgroup_matmul_8x8_fp16",
      "M": 1024, "N": 1024, "K": 1024,
      "median_ms": 6.28470833908068,
      "gflops": 341.69981041858995,
      "fp32_baseline_gflops": 288.42,
      "ratio_vs_fp32": 1.184729943896366,
      "max_abs_diff": 0.56129074,
      "max_rel_err_vs_fp32_ref": 0.01009364,
      "max_rel_err_vs_fp16accum_ref": 0.0044969083,
      "pass": false
    },
    {
      "kernel": "simdgroup_matmul_16x16_fp16",
      "M": 1024, "N": 1024, "K": 1024,
      "median_ms": 7.740125001873821,
      "gflops": 277.4481868807173,
      "fp32_baseline_gflops": 422.68,
      "ratio_vs_fp32": 0.6564024483787197,
      "max_abs_diff": 0.56129074,
      "max_rel_err_vs_fp32_ref": 0.01009364,
      "max_rel_err_vs_fp16accum_ref": 0.0044969083,
      "pass": false
    },
    {
      "kernel": "simdgroup_matmul_32x32_tg_fp16",
      "M": 1024, "N": 1024, "K": 1024,
      "median_ms": 2.7204583311686292,
      "gflops": 789.3830327765043,
      "fp32_baseline_gflops": 506.5,
      "ratio_vs_fp32": 1.5585054941293273,
      "max_abs_diff": 0.56129074,
      "max_rel_err_vs_fp32_ref": 0.01009364,
      "max_rel_err_vs_fp16accum_ref": 0.0044969083,
      "pass": false
    }
  ],
  "peak_gflops_8x8_fp16": 486.57906158728014,
  "peak_gflops_16x16_fp16": 300.8908009738219,
  "peak_gflops_32x32_tg_fp16": 789.3830327765043,
  "peak_gflops_overall_fp16": 789.3830327765043,
  "fp32_peak_gflops": 911.55,
  "fp16_over_fp32_peak_ratio": 0.86597886322912,
  "mps_fp32_peak_gflops": 1702.75,
  "fp16_over_mps_fp32_ratio": 0.4635930305543998,
  "comparison_table": {
    "note": "Anchors: simdgroup_matmul FP32 fire (commit 31d729a4) measured 911 GFLOPS peak @ 768^3 on 32x32_tg; MPS FP32 (commit 9b352bda) 1.7 TFLOPS @ 1024^3; naive/tiled FP32 (commit 19e83c2b) 184.90/269.41 GFLOPS @ 512^3. Apple M3 advertised FP32 ~3.5 TFLOPS; FP16 ~7 TFLOPS if 2× MMA path.",
    "columns": ["approach", "precision", "shape", "GFLOPS", "ratio_vs_fp16_simdgroup_peak", "source"],
    "fp16_simdgroup_peak_overall_gflops": 789.3830327765043,