{
  "M": 64, "N": 64, "K": 64,
  "max_abs": 2.622604e-06,
  "max_rel": 5.385030e-04,
  "byte_mismatch": 3324,
  "c_nonzero_cells": 4096,
  "first_nonzero_idx": 0,
  "ref_first_8": [-1.980, 4.992, -2.512, -2.866, -1.160, -1.588, 0.901, -4.402],
  "got_first_8": [-1.980, 4.992, -2.512, -2.866, -1.160, -1.588, 0.901, -4.402]
}
